<?xml version="1.0" encoding="UTF-8"?>

<beans xmlns="http://www.springframework.org/schema/beans"
	xmlns:xsi="http://www.w3.org/2001/XMLSchema-instance"
	xmlns:context="http://www.springframework.org/schema/context"
	xsi:schemaLocation="http://www.springframework.org/schema/beans 
	http://www.springframework.org/schema/beans/spring-beans.xsd
	http://www.springframework.org/schema/context
	http://www.springframework.org/schema/context/spring-context.xsd">
	
	
 <bean id="hardware" class="com.example.DemoProject.Laptop">
   <property name="ram" value="16"></property>
   <property name="performance" value="High"></property>
   </bean>
   <bean id="hardware1" class="com.example.DemoProject.Mobile">
   </bean>
</beans>


  
   
 
